-- MySQL dump 10.13  Distrib 5.5.46, for debian-linux-gnu (x86_64)
--
-- Host: localhost    Database: farcarHosted
-- ------------------------------------------------------
-- Server version	5.5.46-0ubuntu0.14.04.2

/*!40101 SET @OLD_CHARACTER_SET_CLIENT=@@CHARACTER_SET_CLIENT */;
/*!40101 SET @OLD_CHARACTER_SET_RESULTS=@@CHARACTER_SET_RESULTS */;
/*!40101 SET @OLD_COLLATION_CONNECTION=@@COLLATION_CONNECTION */;
/*!40101 SET NAMES utf8 */;
/*!40103 SET @OLD_TIME_ZONE=@@TIME_ZONE */;
/*!40103 SET TIME_ZONE='+00:00' */;
/*!40014 SET @OLD_UNIQUE_CHECKS=@@UNIQUE_CHECKS, UNIQUE_CHECKS=0 */;
/*!40014 SET @OLD_FOREIGN_KEY_CHECKS=@@FOREIGN_KEY_CHECKS, FOREIGN_KEY_CHECKS=0 */;
/*!40101 SET @OLD_SQL_MODE=@@SQL_MODE, SQL_MODE='NO_AUTO_VALUE_ON_ZERO' */;
/*!40111 SET @OLD_SQL_NOTES=@@SQL_NOTES, SQL_NOTES=0 */;

--
-- Table structure for table `users`
--

DROP TABLE IF EXISTS `users`;
/*!40101 SET @saved_cs_client     = @@character_set_client */;
/*!40101 SET character_set_client = utf8 */;
CREATE TABLE `users` (
  `id` int(10) unsigned NOT NULL AUTO_INCREMENT,
  `first_name` varchar(255) COLLATE utf8_unicode_ci NOT NULL,
  `middle_name` varchar(45) COLLATE utf8_unicode_ci DEFAULT NULL,
  `last_name` varchar(45) COLLATE utf8_unicode_ci DEFAULT NULL,
  `email` varchar(255) COLLATE utf8_unicode_ci NOT NULL,
  `office` int(11) DEFAULT NULL,
  `is_dev` tinyint(4) DEFAULT NULL,
  `is_super_admin` tinyint(4) DEFAULT NULL,
  `is_test` tinyint(4) DEFAULT NULL,
  `level` int(10) DEFAULT NULL,
  `password` varchar(60) COLLATE utf8_unicode_ci NOT NULL,
  `remember_token` varchar(100) COLLATE utf8_unicode_ci DEFAULT NULL,
  `created_at` timestamp NOT NULL DEFAULT '0000-00-00 00:00:00',
  `updated_at` timestamp NOT NULL DEFAULT '0000-00-00 00:00:00',
  `deleted_at` timestamp NULL DEFAULT NULL,
  PRIMARY KEY (`id`),
  UNIQUE KEY `users_email_unique` (`email`)
) ENGINE=InnoDB AUTO_INCREMENT=135 DEFAULT CHARSET=utf8 COLLATE=utf8_unicode_ci;
/*!40101 SET character_set_client = @saved_cs_client */;

--
-- Dumping data for table `users`
--

LOCK TABLES `users` WRITE;
/*!40000 ALTER TABLE `users` DISABLE KEYS */;
INSERT INTO `users` VALUES (1,'John','','Santo','dev@santodesigngroup.com',0,1,1,NULL,1,'$2y$10$G.GPTQIeIMZ.3mSZpL5P2e8AkJ/xXuCwQ5FdNvk3TdZfWc.aHF2O.','UanMAnEPNWAaE2HUrnrKIYkwMoqgoZsfgwfGwnMgCHYQfClmY0L2A84Zyfe2','2016-02-28 23:32:39','2016-07-22 03:49:13',NULL),(8,'John',NULL,'Santo','superAdmin@lakedoctors.com',8,0,1,1,1,'$2y$10$hVbLu2Trefy00rRiGoDhbeP14Lt88R8P/siB2qNWgymCA3NFNjoOy','movPKLQS9diuIpMz4yYYpx39KaoexVt4XHTYs499S4U7lkgnWf33USnFZ55P','2016-05-05 03:27:51','2016-07-21 18:57:56',NULL),(9,'John',NULL,'Santo','Admin@lakedoctors.com',1,NULL,NULL,1,1,'$2y$10$sxFgxrjyVPxTMGbuTDizuO8sYoWHS5Tqvq.rxyjovsZ9CAfcxmxQ2','SX5SY5phS8yVDCOFvFmHIEfJpq7qCDrQPVG1KC3xzSqLucfSm7565WyndTPu','2016-05-05 03:27:51','2016-07-07 17:43:32',NULL),(10,'John','dude','Santo','Sales@lakedoctors.com11',10,NULL,NULL,1,3,'$2y$10$jI2r229WjDb9kKmjIbWZLO1AhQ1YcTMBovrVp4x/C5jCAEOC80xrC',NULL,'2016-05-05 03:27:51','2016-06-07 08:25:14',NULL),(11,'John',NULL,'Santo','FieldManager@lakedoctors.com',3,NULL,NULL,1,6,'$2y$10$AjQI0iFNu0TUq2m206zIJuNBYzWoiSngkJBXNIcYQTyX40XAvePKq',NULL,'2016-05-05 03:27:51','2016-05-05 03:27:51',NULL),(12,'John',NULL,'Santo','FieldUser@lakedoctors.com',4,NULL,NULL,1,5,'$2y$10$AjQI0iFNu0TUq2m206zIJuNBYzWoiSngkJBXNIcYQTyX40XAvePKq',NULL,'0000-00-00 00:00:00','0000-00-00 00:00:00',NULL),(13,'John',NULL,'Santo','WSAdmin@lakedoctors.com',8,NULL,NULL,1,1,'$2y$10$AjQI0iFNu0TUq2m206zIJuNBYzWoiSngkJBXNIcYQTyX40XAvePKq',NULL,'0000-00-00 00:00:00','0000-00-00 00:00:00',NULL),(18,'John','','Santo','dev1@santodesigngroup.com11',NULL,NULL,NULL,NULL,1,'$2y$10$HmL7gFm1iDhj05jLmpL/Uu..B2JrWJL0I.qQI7WJcoyVrQcy7L1L.',NULL,'2016-06-08 03:36:08','2016-06-08 03:36:08',NULL),(19,'Debbi','','Cintron','debbi.cintron@lakedoctors.com',NULL,NULL,NULL,NULL,1,'$2y$10$sPTr/1nUASrE7C8KujGLlec8c2GamdF2XnxifffEaNfWlCTPM5z1i',NULL,'2016-06-08 03:36:08','2016-06-08 03:36:08',NULL),(20,'Stacy','Elizabeth','Stewart','stacy.stewart@lakedoctors.com',NULL,NULL,NULL,NULL,1,'$2y$10$IvSVlvAgGB7wYSbLA0Og/.Ii584YTyk29JXl8wwhQ5IcbGRJjv6X.','JE2FjIhOYgItUCvQVJM9HzFthYBM8AiwcppPbSGsfvVF3omGlNprfRNsOOBT','2016-06-08 03:36:08','2016-07-22 03:57:53',NULL),(21,'Bobbie','','Stern','bobbie.stern@lakedoctors.com',NULL,NULL,NULL,NULL,1,'$2y$10$dNLryCYBZbLMl2KRHjAs5uVpBMzNNDOLjQCg5pDSmHUovGfSq3B5W',NULL,'2016-06-08 03:36:08','2016-06-08 03:36:08',NULL),(22,'Karla','','Romanik','karla.romanik@lakedoctors.com',NULL,NULL,NULL,NULL,1,'$2y$10$qqFoP2o1dHy8eKyeM0pF0OCAW/pDyvZU9QntV13kychEjRloQpfmy',NULL,'2016-06-08 03:36:08','2016-07-07 17:44:06','2016-07-07 17:44:06'),(23,'Cheryl','Kay','Brooks','cheryl.brooks@lakedoctors.com',NULL,NULL,NULL,NULL,2,'$2y$10$aI2g0OyHMAQYNMt3Tq02yutJRKmtvYDXqpCGV9ABbNjGwFBLeTf0S',NULL,'2016-06-08 03:36:08','2016-06-08 03:36:08',NULL),(24,'Taleaha','','Nunez','taleaha.nunez@lakedoctors.com',NULL,NULL,NULL,NULL,2,'$2y$10$peK5BSWUx0JrC/SP9QFybugv.zPEEAZVnjzZqGx01pSdsGYJUOLMe',NULL,'2016-06-08 03:36:08','2016-06-08 03:36:08',NULL),(25,'Caitlin','','Barrett','caitlin.barrett@lakedoctors.com',NULL,NULL,NULL,NULL,2,'$2y$10$U.CZzqH8t4K4wmUeGdU5R.WRxbjs4llN5oXBF6FuEUT2/HgRSA./m',NULL,'2016-06-08 03:36:09','2016-06-08 03:36:09',NULL),(26,'Linda','','Scott','linda.scott@lakedoctors.com',NULL,NULL,NULL,NULL,2,'$2y$10$tgrDuna71kRGMwdplrbQWObfKfsvorypHjGj7vV/UapoLn.HOh1xC',NULL,'2016-06-08 03:36:09','2016-06-08 03:36:09',NULL),(27,'Adam','','Delk','ADD',NULL,NULL,NULL,NULL,5,'$2y$10$VjDlQFAfE5enndDLQSoJeOGFxYA3n2BY0C1VKEkXX9dWMzlgmjxkK',NULL,'2016-06-08 03:36:09','2016-06-08 03:36:09',NULL),(28,'Al','','Dilks','AWD',NULL,NULL,NULL,NULL,5,'$2y$10$NKWcWP7PMhztOhqFikUdr.PK3A7kUHkP.4sOBeVbbh/c15g7xf2N.',NULL,'2016-06-08 03:36:09','2016-06-08 03:36:09',NULL),(29,'Brad','','Schlueter','BAS',NULL,NULL,NULL,NULL,5,'$2y$10$i2CLimta1okhKOvXXW3P6uWPB710V3SgvY.7VABfith8AKyAfTs2y',NULL,'2016-06-08 03:36:09','2016-06-08 03:36:09',NULL),(30,'Chris','','Smoot','CLS',NULL,NULL,NULL,NULL,5,'$2y$10$q7r0g3yvCCqq/2ODP8NeSuxjmaSKpGyC41DqmHeEGTGpPSYyA3kM6',NULL,'2016-06-08 03:36:09','2016-06-08 03:36:09',NULL),(31,'Matt','','Lewis','DML',NULL,NULL,NULL,NULL,5,'$2y$10$tizuFZwu5zlMml9Qtl15nOwvPE06w2rrhxL8WjIa.IBES9Ah9QWUS',NULL,'2016-06-08 03:36:09','2016-06-08 03:36:09',NULL),(32,'Eddie','','Llerenas','EVL',NULL,NULL,NULL,NULL,5,'$2y$10$jSa0v.O72Dh2qHH6inkRRuJJnm.UOqLjSwAE1oxxyg5tEmdndA5gi',NULL,'2016-06-08 03:36:09','2016-06-08 03:36:09',NULL),(33,'Jeff','','Zehringer','JAZ',NULL,NULL,NULL,NULL,5,'$2y$10$OZ6VVIESM8cTZIS//j0Yb.hMEwhQofNjxZhhkTEAufxTIHYZpqKNm',NULL,'2016-06-08 03:36:10','2016-06-08 03:36:10',NULL),(34,'John','','Rice','JLR',NULL,NULL,NULL,NULL,5,'$2y$10$QNSFeIuIO6fE8tkI3kKXPOJXbAi6Rirky50g7xHPCA7xpvl0ZpHR2',NULL,'2016-06-08 03:36:10','2016-06-08 03:36:10',NULL),(35,'Jared','','Owens','JMO',NULL,NULL,NULL,NULL,5,'$2y$10$A1Y.QJJftt49NMsiVWwvzeArG/KzFY88Q.tB6f/KZjfpob6CUjhIm',NULL,'2016-06-08 03:36:10','2016-06-08 03:36:10',NULL),(36,'Lou','','Pilato','LAP',NULL,NULL,NULL,NULL,5,'$2y$10$l6BQXnVEb2c0xnsf4KCPe.fJnWGIg.3sk.1oDfYq3kUGGEr7G7lRu',NULL,'2016-06-08 03:36:10','2016-06-08 03:36:10',NULL),(37,'Mark','','Yoshimura','MKY',NULL,NULL,NULL,NULL,5,'$2y$10$aqjacx26l.Z5r41oDPN7Lexd5EnvoxucdYyU6QhcCKPHROHNgFBfe',NULL,'2016-06-08 03:36:10','2016-06-08 03:36:10',NULL),(38,'Mike','','Smith','MLS',NULL,NULL,NULL,NULL,5,'$2y$10$5N12pUfMsgPyoYOU.6xPp.B7AiIOO0h2v3ZhkoowLIjsZJyVNBp/W',NULL,'2016-06-08 03:36:10','2016-06-08 03:36:10',NULL),(39,'Marion','','Crider','MTC',NULL,NULL,NULL,NULL,5,'$2y$10$UQZXh1CAA4xR8NEntovzb.H0bvTPi11BDQSX3iTr28maH2eC5jusi',NULL,'2016-06-08 03:36:10','2016-06-08 03:36:10',NULL),(40,'Neal','','Livingston','NAL',NULL,NULL,NULL,NULL,5,'$2y$10$k7DKdye.JjnkjyzapBpxUuignKF0OgkFxE4.aPGT4DCr9VjVO5jwO',NULL,'2016-06-08 03:36:11','2016-06-08 03:36:11',NULL),(41,'Bob','','Foley','RVF',NULL,NULL,NULL,NULL,5,'$2y$10$zssJW3ZqH4Lp95f3huytf.ObhWX0a7tiP1N/RfyKVasLFAPEey5nW',NULL,'2016-06-08 03:36:11','2016-06-08 03:36:11',NULL),(42,'Sonnydan','','Backes','SJB',NULL,NULL,NULL,NULL,5,'$2y$10$bC5HizH1cIjAGAxgcDq77.M0SB3IVZ.L31YeDRxlXJ.dWUrB9OYJ2',NULL,'2016-06-08 03:36:11','2016-06-08 03:36:11',NULL),(43,'Seth','','Hester','SLH',NULL,NULL,NULL,NULL,5,'$2y$10$JEJC7FoCFhEH9Iti7sx7O.vut8o5XxfFqPp2GMWzxv7QF7j8DJ.1q',NULL,'2016-06-08 03:36:11','2016-06-08 03:36:11',NULL),(44,'Troy','','Basista','TAB',NULL,NULL,NULL,NULL,5,'$2y$10$ZQLggDcfnbuPmRvjcz9gdeNX7FxKUtN4dTUJyRg0CXcd2mBjYbiiC',NULL,'2016-06-08 03:36:11','2016-06-08 03:36:11',NULL),(45,'Terry','','Peeler','TEP',NULL,NULL,NULL,NULL,5,'$2y$10$gTSHYWjd39YV9QwUrFBL9OUyX8LAlUGPzmPttoYkZERD13WzELhZO',NULL,'2016-06-08 03:36:11','2016-06-08 03:36:11',NULL),(46,'Travis','','Andrews','TWA',NULL,NULL,NULL,NULL,5,'$2y$10$EfROxSiZUxjLRHxe.fv0DO3n8oSEA8S.WqmXOD/UkxV5ezFazW6KS',NULL,'2016-06-08 03:36:11','2016-06-08 03:36:11',NULL),(47,'Judy','','West','judy.west@lakedoctors.com',NULL,NULL,NULL,NULL,3,'$2y$10$TwVmaMEKwXtpa7NVRo27BOQ9HnHYY5wDIXSJEwK.8rhVMIoQ35HS.',NULL,'2016-06-08 03:36:11','2016-06-08 03:36:11',NULL),(48,'Phillip','L','Garner','phil.garner@lakedoctors.com',NULL,NULL,NULL,NULL,6,'$2y$10$BfSB/p9MPViWx1vrKspC4OV4C5JFLoCUfiuewDIM4/WueQQMRWxM2',NULL,'2016-06-08 03:36:11','2016-06-08 03:36:11',NULL),(49,'Brooke','','Green','brooke.green@lakedoctors.com',NULL,NULL,NULL,NULL,3,'$2y$10$Qk7aYIRR67qlKUIpf9zwV.3Doxh3R9DwoRrJykf/9pHAu75qIh/3i',NULL,'2016-06-08 03:36:12','2016-06-08 03:36:12',NULL),(50,'Nikki','','Mclaughlin','nikki.mclaughlin@lakedoctors.com',NULL,NULL,NULL,NULL,3,'$2y$10$X181Sn.27Ze88i6aTSiq6eQrQYB4W32IGV8KJShKStcyaL3jAM2qm',NULL,'2016-06-08 03:36:12','2016-06-08 03:36:12',NULL),(51,'Chris','','Amato','CAA',NULL,NULL,NULL,NULL,5,'$2y$10$3VW0nTO3KD3XCYDVcCqYD.uLmk0BjywV9uZ8ao7c1siAKG7jJfDoC',NULL,'2016-06-08 03:36:12','2016-06-08 03:36:12',NULL),(52,'Kevin','','Lyke','kevin.lyke@lakedoctors.com',NULL,NULL,NULL,NULL,3,'$2y$10$DtAaWTNqRYf..jRXI3Qv2eyZMaA5V2EYXo58qAV8IFq/pFSNaQLwm',NULL,'2016-06-08 03:36:12','2016-06-08 03:36:12',NULL),(53,'Mark','','Seymour','mark.seymour@lakedoctors.com',NULL,NULL,NULL,NULL,3,'$2y$10$s9FfpviqxDbIcWhFEMiiPeWznZVNuV.BxhdBw9GTjDSi2VXYZr/hm',NULL,'2016-06-08 03:36:12','2016-06-08 03:36:12',NULL),(54,'Rhonda','','Widgery','rhonda.widgery@lakedoctors.com',NULL,NULL,NULL,NULL,3,'$2y$10$0sgoDUC95zKq/DLHgD2cSuJqyF2DNvfxtRF42FQSGVjE8jQjdurNq',NULL,'2016-06-08 03:36:12','2016-06-08 03:36:12',NULL),(55,'Chad','','Oatman','chad.oatman@lakedoctors.com',NULL,NULL,NULL,NULL,6,'$2y$10$ljn2FnYCewcoZJNc8f49Zuxq12VLK4ntiC9Hye6IF6W/tCPIP2ilu',NULL,'2016-06-08 03:36:13','2016-06-08 03:36:13',NULL),(56,'Jarred','','Guy','JWG',NULL,NULL,NULL,NULL,5,'$2y$10$ApeCI8XzCYyfc/cPowc8PO/WZC2oROEif0PXhf0cYNMk/WitUWtX6',NULL,'2016-06-08 03:36:13','2016-06-08 03:36:13',NULL),(57,'Julian','','Stern','julian.stern@lakedoctors.com',NULL,NULL,NULL,NULL,3,'$2y$10$/xsLT21XTsMltP/T/9Me3.g5g1BK2EkxezVbOBJ0UVEJePcW5xCeq',NULL,'2016-06-08 03:36:13','2016-06-08 03:36:13',NULL),(58,'Sean','','Fleming','sean.fleming@lakedoctors.com',NULL,NULL,NULL,NULL,3,'$2y$10$BecZCCgyTLPaQ2ZYOR5.5ObX3pDxKeIQ1nHTkQhsvF6xHQIOirnKe',NULL,'2016-06-08 03:36:13','2016-06-08 03:36:13',NULL),(59,'Eric','','Wood','eric.wood@lakedoctors.com',NULL,NULL,NULL,NULL,6,'$2y$10$qIkQJMvB64KB0IHZRMbSg.1uUDxeNGrFouaS3CKjb5Ddvr0cRaB7C',NULL,'2016-06-08 03:36:13','2016-06-08 03:36:13',NULL),(60,'Duncan','Andrew','Rollo','DAR',NULL,NULL,NULL,NULL,5,'$2y$10$tjMtNYOI3mPWynGiMvo2gO.hCKaZS1OrQUJWP3s1Tp6tYOt2r2lDK',NULL,'2016-06-08 03:36:13','2016-06-08 03:36:13',NULL),(61,'James','','Runge','JRR',NULL,NULL,NULL,NULL,5,'$2y$10$zQLZ7oX03fauonsEHbLoDODTrTlqBc1KXaJ..sN.wHsSxP6eS/F8G',NULL,'2016-06-08 03:36:13','2016-06-08 03:36:13',NULL),(62,'Tim','','Callaghan','tim.callaghan@lakedoctors.com',NULL,NULL,NULL,NULL,6,'$2y$10$0ZsgwUbzJOTk18lYnP0LJuHjbQ/9.0NXL4yPkqTypm3DLfHj9KSJq',NULL,'2016-06-08 03:36:13','2016-06-08 03:36:13',NULL),(63,'Seth','','Hester','seth.hester@lakedoctors.com',NULL,NULL,NULL,NULL,3,'$2y$10$PxiVKZCG9gqlr.E9Avf8K.ZOiuNlzTscD3SmzmzJvr5KDeJz4nX7u',NULL,'2016-06-08 03:36:14','2016-06-08 03:36:14',NULL),(64,'Mike','','Clark','mike.clark@lakedoctors.com',NULL,NULL,NULL,NULL,6,'$2y$10$v2HUitIODSn9qwu/DNDRaO4gF0KWFKVFaSKIiROEbtolIfyOVyoS.',NULL,'2016-06-08 03:36:14','2016-06-08 03:36:14',NULL),(65,'Nick','','Konstantinidis','NJK',NULL,NULL,NULL,NULL,5,'$2y$10$Gv03n9H/4.p7qqabRNuzV.wfj7F/rdBjGDHj86/CHS4uMwsuoDD0m',NULL,'2016-06-08 03:36:14','2016-06-08 03:36:14',NULL),(66,'Matt','','Lewis','matt.lewis@lakedoctors.com',NULL,NULL,NULL,NULL,6,'$2y$10$5Zn1ecbS.LIMMvQC6TcSbu835WfFaRBJ0K79xJBDEI01xgvMReJVK',NULL,'2016-06-08 03:36:14','2016-06-08 03:36:14',NULL),(67,'Brad','','Morris','BHM',NULL,NULL,NULL,NULL,5,'$2y$10$p9gJ45IsVdYN./pvrMxUZe70PrNydp610A8rCMF/Q.4caooZOVZOK',NULL,'2016-06-08 03:36:14','2016-06-08 03:36:14',NULL),(68,'Nic','','Luciani','NRL',NULL,NULL,NULL,NULL,5,'$2y$10$c.cdCF1fabGj7xQ1rZqXVOw8yGzqQ78OcPwL5n.UM01mXf9UjKj92',NULL,'2016-06-08 03:36:14','2016-06-08 03:36:14',NULL),(69,'Jonathan','','Carnahan','JLC',NULL,NULL,NULL,NULL,5,'$2y$10$0NuESvcexO4nr0fcHgRPw.CrpH6CUCFQfRuc7JCCtdaeZYSlL4.aK',NULL,'2016-06-08 03:36:14','2016-06-08 03:36:14',NULL),(70,'Justin','','Williams','justin.williams@lakedoctors.com',NULL,NULL,NULL,NULL,3,'$2y$10$465VpQocyRvvfYe2xRI4yerwmNaLr5jSnWwcErR/e402NkYI7gy4q',NULL,'2016-06-08 03:36:14','2016-06-08 03:36:14',NULL),(71,'Greg','','Griffin','GPG',NULL,NULL,NULL,NULL,5,'$2y$10$leN.JwLHLVePD9hl.efmKuGAMIc831YGpbHRQwDMkOcYz04NP2Pmm',NULL,'2016-06-08 03:36:14','2016-06-08 03:36:14',NULL),(72,'Michael','','Schiller','MHS',NULL,NULL,NULL,NULL,5,'$2y$10$A/ii9WJPsN2yK2s7pG40OemZwWAoDw3GnOueVrU1o3wHR.Hgj4omW',NULL,'2016-06-08 03:36:15','2016-06-08 03:36:15',NULL),(73,'Jimmy','','Lowry','jim.lowry@lakedoctors.com',NULL,NULL,NULL,NULL,6,'$2y$10$NCsYmcQW7NK3f0WceLzmmOI60FNlSFKBZ1xPR7HGjs2okJZOCkHOC',NULL,'2016-06-08 03:36:15','2016-06-08 03:36:15',NULL),(74,'William','','Daly','WAD',NULL,NULL,NULL,NULL,5,'$2y$10$sjcem8U8CsgadkGRlSw0GOXT.3yVMB3gfzuuVb0copQQout1gOVO6',NULL,'2016-06-08 03:36:15','2016-06-08 03:36:15',NULL),(75,'Matthew','','Love','MDL',NULL,NULL,NULL,NULL,5,'$2y$10$AcPMwnQPr5jDaQtOWqAVzO4N3vuUw8MWikVcfEQ7X9hkT2AtqaZKe',NULL,'2016-06-08 03:36:15','2016-06-08 03:36:15',NULL),(76,'Todd','','Denham','TDD',NULL,NULL,NULL,NULL,5,'$2y$10$6VUCX8WGUaOwzifz0ohg0.f.o8DsAS70goO46JxJQERUMuGfwBU9W',NULL,'2016-06-08 03:36:15','2016-06-08 03:36:15',NULL),(77,'Sharon','','Clark','sharon.clark@lakedoctors.com',NULL,NULL,NULL,NULL,3,'$2y$10$htFMWhA2kTqTfYbfnh8ETe1i/4aVxYE.MDzcmrtHPjPlemVUYeAC.',NULL,'2016-06-08 03:36:15','2016-07-21 17:46:48','2016-07-21 17:46:48'),(78,'Jacob','E','Shalls','JWS',NULL,NULL,NULL,NULL,5,'$2y$10$VzZ8BYhnBCJgE0UYC4Rnz.vcXTTTkcQ3xnLThAZkWgQDATw4yRK82',NULL,'2016-06-08 03:36:15','2016-06-08 03:36:15',NULL),(79,'Tim','','Fischer','TDF',NULL,NULL,NULL,NULL,5,'$2y$10$SWs/ykHAtOabhZdmJnpuDuWVmq.A.OColbw8MUTWTuQ7ftQ7am0aO',NULL,'2016-06-08 03:36:15','2016-06-08 03:36:15',NULL),(80,'Neil','','Haga','NWH',NULL,NULL,NULL,NULL,5,'$2y$10$nclFX5qWbjRyw/qTgJpOouGB/K6kpkwgFCXiazi4nfUmk2G1tD9TC',NULL,'2016-06-08 03:36:16','2016-06-08 03:36:16',NULL),(81,'Travis','','Edenfield','TWE',NULL,NULL,NULL,NULL,5,'$2y$10$FJa3ol8o4ubk0h2hMfqLUeMXLjHHJK72yf4Jm.6mS5KrjWGSBGA3C',NULL,'2016-06-08 03:36:16','2016-06-08 03:36:16',NULL),(82,'Katie','','Yaroma','katie.yaroma@lakedoctors.com',NULL,NULL,NULL,NULL,2,'$2y$10$B0RwbdRtPK69f2qG6H3T2ed650W/2VZQXaPMDOrWuotkTy0SWujfS',NULL,'2016-06-08 03:36:16','2016-06-08 03:36:16',NULL),(83,'Brad','','Elliott','BSE',NULL,NULL,NULL,NULL,5,'$2y$10$ioMwOsub4LGrCNUbr/eQvub8BAbkF4rY25v67tjqUmqI03L9VLzha',NULL,'2016-06-08 03:36:16','2016-06-08 03:36:16',NULL),(84,'Albert','','Winter','AGW',NULL,NULL,NULL,NULL,5,'$2y$10$.R.j5CCEK/XoJPFBMFkQ3e6cJT6wMUBf11pYQnYrF/7kURoDxryhy',NULL,'2016-06-08 03:36:16','2016-06-08 03:36:16',NULL),(85,'Dustin','','Espinosa','DRE',NULL,NULL,NULL,NULL,5,'$2y$10$TLK/yAQviyeuX4JFvdF8QOdqZ34qkH.4m.eQ50Md6meJe7XDFXKE.',NULL,'2016-06-08 03:36:16','2016-06-08 03:36:16',NULL),(86,'Cheryl','','Campbell','cheryl.campbell@lakedoctors.com',NULL,NULL,NULL,NULL,3,'$2y$10$WA3Dxxg5N8XPQkLsS5AyG.Z0V.uNAaa3vi/608hOtnkKZw572crSG',NULL,'2016-06-08 03:36:16','2016-06-08 03:36:16',NULL),(87,'Wesley','','Brown','WAB',NULL,NULL,NULL,NULL,5,'$2y$10$O2TsRjqKIOWwmpK/A71/9uHQxYITNqBXrcYLKyHlj9BTRGKsDiD0y',NULL,'2016-06-08 03:36:16','2016-06-08 03:36:16',NULL),(88,'Tim','','Walker','TJW',NULL,NULL,NULL,NULL,5,'$2y$10$qFl4gJReE35Jh4tMcpTSmeHxewuYvYyN/7voKVKaM6WtrzakO6HKi',NULL,'2016-06-08 03:36:17','2016-06-08 03:36:17',NULL),(89,'Chris','','Orlik','CSO',NULL,NULL,NULL,NULL,5,'$2y$10$tShcMdJ.vWWXYka8axEd2u9EMgGlIulLeAvAR75oAMp3OE3q0/xS2',NULL,'2016-06-08 03:36:17','2016-06-08 03:36:17',NULL),(90,'Justin','','Power','PJP',NULL,NULL,NULL,NULL,5,'$2y$10$tyw8Fe6tu9Aw8Z0AVARMlevY4iEFspNoMdZeSNSHa4Qi.RtKH83Ge',NULL,'2016-06-08 03:36:17','2016-06-08 03:36:17',NULL),(91,'Alex','','Seasholtz','APS',NULL,NULL,NULL,NULL,5,'$2y$10$od6tH/lP9fOaAuiDOpmpa./K6CIJsNAH2HOPyui4VlOOgtlrtJTzK',NULL,'2016-06-08 03:36:17','2016-06-08 03:36:17',NULL),(92,'Benjamin','','Boots','BSB',NULL,NULL,NULL,NULL,5,'$2y$10$jrxBCu0cHHjLWc2y31TGce7sOpYj9VUcaGb0bJFccqAIWQvOtgGnW',NULL,'2016-06-08 03:36:17','2016-06-08 03:36:17',NULL),(93,'Jacob','','Lowry','JAL',NULL,NULL,NULL,NULL,5,'$2y$10$6xdAXHctYcyMFfo2ix1NHOPgdMErNLvKI4oFEZ3XCFWmBE9PICvCG',NULL,'2016-06-08 03:36:17','2016-06-08 03:36:17',NULL),(94,'Brad','','Brown','BLB',NULL,NULL,NULL,NULL,5,'$2y$10$okKNqtp9/beo2rpp.7oZNuAehJt5g0p0ZbDCXRti8VtWJPuDza2e6',NULL,'2016-06-08 03:36:17','2016-06-08 03:36:17',NULL),(95,'Zach','','Gibble','ZDG',NULL,NULL,NULL,NULL,5,'$2y$10$9079QVYl3yjRJjmbg7rCneYb4GPYbVliSSDgCP5OtyMYVbeu8IhOG',NULL,'2016-06-08 03:36:18','2016-06-08 03:36:18',NULL),(96,'Patrick','','Gettman','PRG',NULL,NULL,NULL,NULL,5,'$2y$10$IK3rkZmLAKKtATCTHzLhveiTnGwKzruYTDwVoPm1gN1IS5avjk1pa',NULL,'2016-06-08 03:36:18','2016-06-08 03:36:18',NULL),(97,'Daniel','','Brower','DSB',NULL,NULL,NULL,NULL,5,'$2y$10$9GvIFTFVoc51UU0qpSCx2Ocod75Jlwj1qX84fjnMKVf51U8opfX3m',NULL,'2016-06-08 03:36:18','2016-06-08 03:36:18',NULL),(98,'David','','Fenimore','DLF',NULL,NULL,NULL,NULL,5,'$2y$10$h1lfwuLdrRFuRQpHn.T5/.cctulcrbHPKaPxjOUcoA7cPDgy6dNl2',NULL,'2016-06-08 03:36:18','2016-06-08 03:36:18',NULL),(99,'Kristie','','Vantassell','kristie.vantassell@lakedoctors.com',NULL,NULL,NULL,NULL,3,'$2y$10$tZY0xcbfFj1ON7fDtt27buJ8sI5H2ZhNrDgX5RoktydSSJvtExsLy',NULL,'2016-06-08 03:36:18','2016-06-08 03:36:18',NULL),(100,'Tyler','','Knox','THK',NULL,NULL,NULL,NULL,5,'$2y$10$SPYAL85mUzxBUJRFJRvW..omRB1knS6BPvELKxan2iSjqHVSeB/Fm',NULL,'2016-06-08 03:36:18','2016-06-08 03:36:18',NULL),(101,'Cody','','Barnett','CAB',NULL,NULL,NULL,NULL,5,'$2y$10$ZTBY8hYNC9viB0ttmMK9Bunba1JvThNPR5yF0v3cXjD8M4t4vvqnW',NULL,'2016-06-08 03:36:19','2016-06-08 03:36:19',NULL),(102,'Mike','','Smith','mike.smith@lakedoctors.com',NULL,NULL,NULL,NULL,6,'$2y$10$xGTF1Y3MfsNRU22xG.hSXOZN5MIjgdeL7afDaaOCb2AHID7yLhVSG',NULL,'2016-06-08 03:36:19','2016-06-08 03:36:19',NULL),(103,'Levi','','Blackmon','LCB',NULL,NULL,NULL,NULL,5,'$2y$10$tb75Kv0/1X7VWR8jaIlFOurk.ZBIi76Fz4SJCDI/iNtNXWM4N6VA.',NULL,'2016-06-08 03:36:19','2016-06-08 03:36:19',NULL),(104,'Brian','','Bolduc','BJB',NULL,NULL,NULL,NULL,5,'$2y$10$iWdqJ1ApKnE/aXTZQDjlz.ScGZi1XzBeZV6AtO2u8RawrUsmbAP5O',NULL,'2016-06-08 03:36:19','2016-06-08 03:36:19',NULL),(105,'Kyla','','Baine','kyla.baine@lakedoctors.com',NULL,NULL,NULL,NULL,3,'$2y$10$OAPKHZy0GYtql5.cOFFe5ODOKtUmvGy0dtQmUGFB3Wj32zc2Kam5C',NULL,'2016-06-08 03:36:19','2016-06-08 03:36:19',NULL),(106,'Andrew','','Murray','ARM',NULL,NULL,NULL,NULL,5,'$2y$10$NbLD5Rt1.bn8624wiOTZUuYfl6v0bUzc/fkF9miynukYYmy2akrd.',NULL,'2016-06-08 03:36:19','2016-06-08 03:36:19',NULL),(107,'Matt','','Wallace','matt.wallace@lakedoctors.com',NULL,NULL,NULL,NULL,6,'$2y$10$2VAiNFUyIptKQKI5/qXDpu61.3B6ISihlY0NlN8nK1aTi8bklhISG',NULL,'2016-06-08 03:36:19','2016-06-08 03:36:19',NULL),(108,'Natalie','','Lawlor','natalie.lawlor@lakedoctors.com',NULL,NULL,NULL,NULL,2,'$2y$10$x/c5s9t2i.mjlRNlTyspDe9s0AYdX3u2evmm3NXh0MMWqrIxYV/xy',NULL,'2016-06-08 03:36:19','2016-06-08 03:36:19',NULL),(109,'Jeffrey','','Martin','JAM',NULL,NULL,NULL,NULL,5,'$2y$10$y2IFXCCbmD7vMW2ylIxAje6vZcWNpgFHCyadIyPrh0mqucjyIjZiy',NULL,'2016-06-08 03:36:19','2016-06-08 03:36:19',NULL),(110,'Ben','','Paris','BRP',NULL,NULL,NULL,NULL,5,'$2y$10$svtjFG.DIKDP22QFMFzaPuPUCCTm9TZWZvdZ4yzmMcrPcRsUC5Chu',NULL,'2016-06-08 03:36:19','2016-06-08 03:36:19',NULL),(111,'Eric','','Williams','ERW',NULL,NULL,NULL,NULL,5,'$2y$10$qRrO7jI0gK3i83v6GEvvt.2skZ0/5gciY9vkR4IC/y4nrYOE0SNx.',NULL,'2016-06-08 03:36:20','2016-06-08 03:36:20',NULL),(112,'Jeff','','Spurrier','JMS',NULL,NULL,NULL,NULL,5,'$2y$10$rheio8YatCpafDA6/mqOBOrC/sGOxceTM2Sb3AIfYdFtT4MRnN0Ge',NULL,'2016-06-08 03:36:20','2016-06-08 03:36:20',NULL),(113,'Rick','','Glover','RMG',NULL,NULL,NULL,NULL,5,'$2y$10$g8R6ziLSIyMIVkz.AA4g4eD.E8wcug/1MOxDYdhExsfct.YFrXQXu',NULL,'2016-06-08 03:36:20','2016-06-08 03:36:20',NULL),(114,'Patrick','','Kirchner','PMK',NULL,NULL,NULL,NULL,5,'$2y$10$5NO6Tt.ibp/hT6yNwJOf5O3UNmf7fK1q6WP1ORV5OY9FqIwy.hsGG',NULL,'2016-06-08 03:36:20','2016-06-08 03:36:20',NULL),(115,'Kory','','Lunsford','JKL',NULL,NULL,NULL,NULL,5,'$2y$10$rwELqBjEe2iOhNedk7My0uVPUURvk9I6.UPZHjoCF8PDBPf7/fRp6',NULL,'2016-06-08 03:36:20','2016-06-08 03:36:20',NULL),(116,'Devin','','Johnson','DWJ',NULL,NULL,NULL,NULL,5,'$2y$10$/yK7YudCqTHf.IzS3HDQ3urU78csPlfyHFuPj76CgKzEPl.ErbXSK',NULL,'2016-06-08 03:36:20','2016-06-08 03:36:20',NULL),(117,'Barrett','','Schmidt','WBS',NULL,NULL,NULL,NULL,5,'$2y$10$ktMDPFVpUo/iPbQvLlCLw.NGZaaMpw7CB.K6p5BU2rOYMw8waSdTG',NULL,'2016-06-08 03:36:20','2016-06-08 03:36:20',NULL),(118,'Julian','','Stern','Julian Stern',NULL,NULL,NULL,NULL,3,'$2y$10$wmJBK944qi/mG86eGB.2x.Ky5/wqtLdK.7nIW9J8/gVvqVD14oxPC',NULL,'2016-06-08 03:36:20','2016-06-08 03:36:20',NULL),(119,'Avery','','Thedford','avery.thedford@lakedoctors.com',NULL,NULL,NULL,NULL,3,'$2y$10$eHbni/0e2Fa/LIv3n25GBuh8S86.dEOSy/o41nNAOK4Iy6a/z/73u',NULL,'2016-06-08 03:36:20','2016-06-08 03:36:20',NULL),(120,'Robert ','','Vish','RAV',NULL,NULL,NULL,NULL,5,'$2y$10$3D2eFB7CrscBaOt7K5nxAe1zV4hhVihyTNEWs30B6rimMKbJnLX6q',NULL,'2016-06-08 03:36:21','2016-06-08 03:36:21',NULL),(121,'Mari-beth','','Parker','maribeth.parker@lakedoctors.com',NULL,NULL,NULL,NULL,3,'$2y$10$GOxpdy2gUZjBwQ0oz/vui.0OolnZCYM0Mdd8zdkKloxZETioYEF0G',NULL,'2016-06-08 03:36:21','2016-07-21 17:44:49','2016-07-21 17:44:49'),(126,'thomas','powers','charles','charlespoebac@face.hard',NULL,NULL,NULL,NULL,1,'',NULL,'2016-06-10 05:41:18','2016-07-20 06:35:11','2016-07-20 06:35:11'),(127,'farce','david','bloomer','fanguard@blahblah.toe',NULL,NULL,NULL,NULL,1,'','','2016-06-10 05:46:01','2016-06-14 05:31:01','2016-06-14 05:31:01'),(130,'Matthew','','Scott','matthew.scott@lakedoctors.com',NULL,NULL,NULL,NULL,3,'',NULL,'2016-07-07 17:46:21','2016-07-07 17:46:21',NULL),(131,'Test','','Tester','tester@gmail.com',NULL,NULL,NULL,NULL,5,'',NULL,'2016-07-20 06:05:43','2016-07-20 06:22:27','2016-07-20 06:22:27'),(132,'test','something','else','this@that.com2',NULL,NULL,NULL,NULL,1,'',NULL,'2016-07-20 06:25:20','2016-07-20 06:25:41','2016-07-20 06:25:41'),(133,'Ashley','','Seymour','ashley.seymour@lakedoctors.com',NULL,NULL,NULL,NULL,2,'',NULL,'2016-07-21 17:28:48','2016-07-21 17:47:29',NULL),(134,'CRAIG','','SCHAFFER','CS',NULL,NULL,NULL,NULL,5,'',NULL,'2016-07-21 17:34:50','2016-07-21 17:34:50',NULL);
/*!40000 ALTER TABLE `users` ENABLE KEYS */;
UNLOCK TABLES;

--
-- Table structure for table `user_levels`
--

DROP TABLE IF EXISTS `user_levels`;
/*!40101 SET @saved_cs_client     = @@character_set_client */;
/*!40101 SET character_set_client = utf8 */;
CREATE TABLE `user_levels` (
  `id` int(11) NOT NULL AUTO_INCREMENT,
  `level_name` varchar(45) DEFAULT NULL,
  PRIMARY KEY (`id`)
) ENGINE=InnoDB AUTO_INCREMENT=7 DEFAULT CHARSET=latin1;
/*!40101 SET character_set_client = @saved_cs_client */;

--
-- Dumping data for table `user_levels`
--

LOCK TABLES `user_levels` WRITE;
/*!40000 ALTER TABLE `user_levels` DISABLE KEYS */;
INSERT INTO `user_levels` VALUES (1,'Administrator'),(2,'Accounts, Field & Reports (Write)'),(3,'Accounts, Field & Reports (Read)'),(4,'Field & Reports'),(5,'Field Crew'),(6,'Field Manager');
/*!40000 ALTER TABLE `user_levels` ENABLE KEYS */;
UNLOCK TABLES;

--
-- Table structure for table `permission_user`
--

DROP TABLE IF EXISTS `permission_user`;
/*!40101 SET @saved_cs_client     = @@character_set_client */;
/*!40101 SET character_set_client = utf8 */;
CREATE TABLE `permission_user` (
  `id` int(10) unsigned NOT NULL AUTO_INCREMENT,
  `user_id` int(10) unsigned NOT NULL,
  `permission_id` int(10) unsigned NOT NULL,
  PRIMARY KEY (`id`)
) ENGINE=InnoDB AUTO_INCREMENT=775 DEFAULT CHARSET=utf8 COLLATE=utf8_unicode_ci;
/*!40101 SET character_set_client = @saved_cs_client */;

--
-- Dumping data for table `permission_user`
--

LOCK TABLES `permission_user` WRITE;
/*!40000 ALTER TABLE `permission_user` DISABLE KEYS */;
INSERT INTO `permission_user` VALUES (1,1,14),(2,1,15),(4,1,17),(7,1,20),(8,1,21),(10,1,23),(12,1,25),(13,1,26),(14,1,27),(16,8,14),(17,8,15),(18,8,16),(19,8,17),(20,8,18),(21,8,19),(22,8,20),(23,8,21),(24,8,22),(25,8,23),(26,8,24),(27,8,25),(28,8,26),(29,8,27),(30,8,28),(31,13,27),(32,13,14),(33,13,15),(34,13,16),(35,13,20),(36,13,21),(37,13,22),(38,13,23),(39,13,18),(40,13,19),(41,13,27),(42,9,27),(43,9,14),(44,9,15),(45,9,16),(46,9,20),(47,9,21),(48,9,22),(49,9,23),(50,9,18),(51,9,19),(52,10,16),(53,10,20),(54,10,21),(55,10,22),(56,10,19),(57,10,18),(58,11,16),(59,11,21),(60,11,22),(61,11,23),(62,12,19),(63,12,22),(64,10,23),(66,1,30),(67,8,29),(68,8,30),(69,18,14),(70,18,15),(71,18,17),(72,18,16),(73,18,18),(74,18,19),(75,18,21),(76,18,22),(77,18,23),(78,18,27),(79,19,14),(80,19,15),(81,19,16),(82,19,18),(83,19,19),(84,19,23),(85,19,27),(86,20,14),(87,20,15),(88,20,17),(89,20,16),(91,20,19),(92,20,21),(93,20,22),(94,20,23),(95,20,27),(96,21,14),(97,21,15),(98,21,16),(99,21,18),(100,21,19),(101,21,21),(102,21,22),(103,21,23),(104,21,27),(105,22,14),(106,22,15),(107,22,16),(108,22,18),(109,22,19),(110,22,23),(111,22,27),(112,23,14),(113,23,15),(114,23,16),(116,23,19),(117,23,22),(118,23,23),(119,24,14),(120,24,15),(121,24,17),(122,24,16),(123,24,18),(124,24,19),(125,24,21),(126,24,22),(127,24,23),(128,25,14),(129,25,15),(130,25,16),(132,25,19),(133,25,21),(134,25,22),(135,25,23),(136,26,14),(137,26,15),(138,26,16),(139,26,18),(140,26,19),(141,26,23),(142,27,16),(143,27,18),(144,27,19),(145,27,21),(146,27,22),(147,27,23),(148,28,16),(149,28,18),(150,28,19),(151,28,21),(152,28,22),(153,28,23),(154,29,16),(155,29,18),(156,29,19),(157,29,21),(158,29,22),(159,29,23),(160,30,16),(161,30,18),(162,30,19),(163,30,21),(164,30,22),(165,30,23),(166,31,16),(167,31,18),(168,31,19),(169,31,21),(170,31,22),(171,31,23),(172,32,16),(173,32,18),(174,32,19),(175,32,21),(176,32,22),(177,32,23),(178,33,16),(179,33,18),(180,33,19),(181,33,21),(182,33,22),(183,33,23),(184,34,16),(185,34,18),(186,34,19),(187,34,21),(188,34,22),(189,34,23),(190,35,16),(191,35,18),(192,35,19),(193,35,21),(194,35,22),(195,35,23),(196,36,16),(197,36,18),(198,36,19),(199,36,21),(200,36,22),(201,36,23),(202,37,16),(203,37,18),(204,37,19),(205,37,21),(206,37,22),(207,37,23),(208,38,16),(209,38,18),(210,38,19),(211,38,21),(212,38,22),(213,38,23),(214,39,16),(215,39,18),(216,39,19),(217,39,21),(218,39,22),(219,39,23),(220,40,16),(221,40,18),(222,40,19),(223,40,21),(224,40,22),(225,40,23),(226,41,16),(227,41,18),(228,41,19),(229,41,21),(230,41,22),(231,41,23),(232,42,16),(233,42,19),(234,42,21),(235,42,22),(236,42,23),(237,43,16),(238,43,18),(239,43,19),(240,43,21),(241,43,22),(242,43,23),(243,44,16),(244,44,18),(245,44,19),(246,44,21),(247,44,22),(248,44,23),(249,45,16),(250,45,18),(251,45,19),(252,45,21),(253,45,22),(254,45,23),(255,46,16),(256,46,18),(257,46,19),(258,46,21),(259,46,22),(260,46,23),(261,47,16),(263,47,19),(264,47,23),(265,48,16),(266,48,18),(267,48,19),(268,48,21),(269,48,22),(270,48,23),(271,49,16),(272,49,19),(273,49,23),(274,50,16),(275,50,18),(276,50,19),(277,50,23),(278,51,16),(279,51,18),(280,51,19),(281,51,21),(282,51,22),(283,51,23),(284,52,16),(285,52,18),(286,52,19),(287,52,21),(288,52,22),(289,52,23),(290,53,16),(291,53,18),(292,53,19),(293,53,22),(294,53,23),(295,54,16),(296,54,19),(297,54,23),(298,55,16),(299,55,18),(300,55,19),(301,55,21),(302,55,22),(303,55,23),(304,56,16),(305,56,18),(306,56,19),(307,56,21),(308,56,22),(309,56,23),(310,57,16),(311,57,18),(312,57,19),(313,57,21),(314,57,22),(315,57,23),(316,58,16),(317,58,19),(318,58,22),(319,58,23),(320,59,16),(321,59,18),(322,59,19),(323,59,21),(324,59,22),(325,59,23),(326,60,16),(327,60,18),(328,60,19),(329,60,21),(330,60,22),(331,60,23),(332,61,16),(333,61,18),(334,61,19),(335,61,21),(336,61,22),(337,61,23),(338,62,16),(339,62,18),(340,62,19),(341,62,21),(342,62,22),(343,62,23),(344,63,16),(345,63,18),(346,63,19),(347,63,21),(348,63,22),(349,63,23),(350,64,16),(351,64,18),(352,64,19),(353,64,21),(354,64,22),(355,64,23),(356,65,16),(357,65,18),(358,65,19),(359,65,21),(360,65,22),(361,65,23),(362,66,16),(363,66,18),(364,66,19),(365,66,21),(366,66,22),(367,66,23),(368,67,16),(369,67,19),(370,67,22),(371,67,23),(372,68,16),(373,68,18),(374,68,19),(375,68,21),(376,68,22),(377,68,23),(378,69,16),(379,69,19),(380,69,22),(381,69,23),(382,70,16),(383,70,18),(384,70,19),(385,70,21),(386,70,22),(387,70,23),(388,71,16),(389,71,18),(390,71,19),(391,71,21),(392,71,22),(393,71,23),(394,72,16),(395,72,18),(396,72,19),(397,72,21),(398,72,22),(399,72,23),(400,73,16),(401,73,18),(402,73,19),(403,73,21),(404,73,22),(405,73,23),(406,74,16),(407,74,18),(408,74,19),(409,74,21),(410,74,22),(411,74,23),(412,75,16),(413,75,19),(414,75,22),(415,75,23),(416,76,16),(417,76,18),(418,76,19),(419,76,21),(420,76,22),(421,76,23),(422,77,16),(423,77,18),(424,77,19),(425,77,23),(426,78,16),(427,78,18),(428,78,19),(429,78,21),(430,78,22),(431,78,23),(432,79,16),(433,79,18),(434,79,19),(435,79,21),(436,79,22),(437,79,23),(438,80,16),(439,80,18),(440,80,19),(441,80,21),(442,80,22),(443,80,23),(444,81,16),(445,81,18),(446,81,19),(447,81,21),(448,81,22),(449,81,23),(450,82,14),(451,82,15),(452,82,16),(453,82,18),(454,82,19),(455,82,23),(456,83,16),(457,83,18),(458,83,19),(459,83,21),(460,83,22),(461,83,23),(462,84,16),(463,84,18),(464,84,19),(465,84,21),(466,84,22),(467,84,23),(468,85,16),(469,85,18),(470,85,19),(471,85,21),(472,85,22),(473,85,23),(474,86,16),(475,86,18),(476,86,19),(477,86,23),(478,87,16),(480,87,19),(481,87,21),(482,87,22),(483,87,23),(484,88,16),(485,88,18),(486,88,19),(487,88,21),(488,88,22),(489,88,23),(490,89,16),(491,89,18),(492,89,19),(493,89,21),(494,89,22),(495,89,23),(496,90,16),(497,90,18),(498,90,19),(499,90,21),(500,90,22),(501,90,23),(502,91,16),(503,91,18),(504,91,19),(505,91,21),(506,91,22),(507,91,23),(508,92,16),(509,92,18),(510,92,19),(511,92,21),(512,92,22),(513,92,23),(514,93,16),(515,93,18),(516,93,19),(517,93,21),(518,93,22),(519,93,23),(520,94,16),(521,94,18),(522,94,19),(523,94,21),(524,94,22),(525,94,23),(526,95,16),(527,95,18),(528,95,19),(529,95,21),(530,95,22),(531,95,23),(532,96,16),(533,96,18),(534,96,19),(535,96,21),(536,96,22),(537,96,23),(538,97,16),(539,97,18),(540,97,19),(541,97,21),(542,97,22),(543,97,23),(544,98,16),(545,98,18),(546,98,19),(547,98,21),(548,98,22),(549,98,23),(550,99,16),(551,99,18),(552,99,19),(553,99,21),(554,99,23),(555,100,16),(556,100,18),(557,100,19),(558,100,21),(559,100,22),(560,100,23),(561,101,16),(562,101,18),(563,101,19),(564,101,21),(565,101,22),(566,101,23),(567,102,16),(568,102,18),(569,102,19),(570,102,21),(571,102,22),(572,102,23),(573,103,16),(574,103,18),(575,103,19),(576,103,21),(577,103,22),(578,103,23),(579,104,16),(580,104,18),(581,104,19),(582,104,21),(583,104,22),(584,104,23),(585,105,16),(586,105,18),(587,105,19),(588,105,23),(589,106,16),(590,106,18),(591,106,19),(592,106,21),(593,106,22),(594,106,23),(595,107,16),(596,107,18),(597,107,19),(598,107,21),(599,107,22),(600,107,23),(601,108,14),(602,108,15),(603,108,17),(604,108,16),(605,108,18),(606,108,19),(607,108,21),(608,108,22),(609,108,23),(610,109,16),(611,109,18),(612,109,19),(613,109,21),(614,109,22),(615,109,23),(616,110,16),(617,110,18),(618,110,19),(619,110,21),(620,110,22),(621,110,23),(622,111,16),(623,111,18),(624,111,19),(625,111,21),(626,111,22),(627,111,23),(628,112,16),(629,112,18),(630,112,19),(631,112,21),(632,112,22),(633,112,23),(634,113,16),(635,113,18),(636,113,19),(637,113,21),(638,113,22),(639,113,23),(640,114,16),(641,114,18),(642,114,19),(643,114,21),(644,114,22),(645,114,23),(646,115,16),(647,115,18),(648,115,19),(649,115,21),(650,115,22),(651,115,23),(652,116,16),(653,116,18),(654,116,19),(655,116,22),(656,116,23),(657,117,16),(658,117,18),(659,117,19),(660,117,21),(661,117,22),(662,117,23),(663,119,16),(664,119,18),(665,119,19),(666,119,22),(667,119,23),(668,120,16),(669,120,18),(670,120,19),(671,120,21),(672,120,22),(673,120,23),(674,121,16),(675,121,18),(676,121,19),(677,121,23),(678,1,16),(679,1,22),(680,1,24),(681,1,29),(682,1,19),(683,124,14),(684,124,15),(685,124,16),(686,124,17),(687,124,20),(688,124,21),(689,124,22),(690,124,23),(691,124,25),(692,124,26),(693,124,24),(694,124,30),(695,124,29),(696,124,19),(697,124,27),(698,126,14),(699,126,15),(700,126,16),(701,126,17),(702,126,20),(703,126,21),(704,126,22),(705,126,23),(706,126,25),(707,126,26),(708,126,24),(709,126,30),(710,126,29),(711,126,19),(712,126,27),(713,127,14),(714,127,15),(715,127,16),(716,127,17),(717,127,20),(718,127,21),(719,127,22),(720,127,23),(721,127,25),(722,127,26),(723,127,24),(724,127,30),(725,127,29),(726,127,19),(727,127,27),(728,130,16),(729,130,20),(730,130,21),(731,130,22),(732,130,30),(733,130,29),(734,130,19),(735,131,14),(736,131,19),(737,132,14),(738,132,15),(739,132,16),(740,132,17),(741,132,20),(742,132,21),(743,132,22),(744,132,23),(745,132,25),(746,132,26),(747,132,24),(748,132,30),(749,132,29),(750,132,19),(751,132,27),(752,20,20),(753,20,26),(754,20,24),(755,20,30),(756,20,29),(757,20,25),(758,49,22),(759,49,29),(760,133,14),(761,133,15),(762,133,16),(763,133,22),(764,133,29),(765,133,19),(766,134,20),(767,134,21),(768,134,22),(769,25,29),(770,23,20),(771,23,21),(772,23,29),(773,47,22),(774,47,29);
/*!40000 ALTER TABLE `permission_user` ENABLE KEYS */;
UNLOCK TABLES;
/*!40103 SET TIME_ZONE=@OLD_TIME_ZONE */;

/*!40101 SET SQL_MODE=@OLD_SQL_MODE */;
/*!40014 SET FOREIGN_KEY_CHECKS=@OLD_FOREIGN_KEY_CHECKS */;
/*!40014 SET UNIQUE_CHECKS=@OLD_UNIQUE_CHECKS */;
/*!40101 SET CHARACTER_SET_CLIENT=@OLD_CHARACTER_SET_CLIENT */;
/*!40101 SET CHARACTER_SET_RESULTS=@OLD_CHARACTER_SET_RESULTS */;
/*!40101 SET COLLATION_CONNECTION=@OLD_COLLATION_CONNECTION */;
/*!40111 SET SQL_NOTES=@OLD_SQL_NOTES */;

-- Dump completed on 2016-07-23 15:40:04
